lat,lon,utm_x,utm_y,utc
37.61161553833333,126.99590825333334,323112.901993187,4164612.8483472257,100346.20
37.611615388333334,126.99590828833334,323112.9047272599,4164612.8316369136,100346.30
37.61161535666667,126.99590828000001,323112.90391661687,4164612.8281388194,100346.40
37.611615246666666,126.99590826166666,323112.90203762206,4164612.815967535,100346.50
37.61161498,126.99590841333332,323112.9147936538,4164612.7860916955,100346.60
37.6116149,126.99590825833333,323112.90092188085,4164612.777506918,100346.70
37.61161474666667,126.99590828500001,323112.9029124505,4164612.760442439,100346.80
37.611614939999995,126.99590818,323112.89410200936,4164612.7820930746,100346.90
37.611614805,126.99590805333334,323112.8826009479,4164612.767351961,100347.00
37.61161496,126.99590755166668,323112.83868501417,4164612.7854968207,100347.10
37.61161507,126.99590702666667,323112.79260275513,4164612.798692367,100347.20
37.61161547,126.99590617666667,323112.71851923666,4164612.844679631,100347.30
37.61161538666667,126.99590583833333,323112.68845631846,4164612.8360705897,100347.40
37.61161561166667,126.99590529833334,323112.64132249577,4164612.862055068,100347.50
37.61161587833333,126.995904335,323112.55691883026,4164612.89346102,100347.60
37.611615961666665,126.99590346000001,323112.47987809626,4164612.9043573802,100347.70
37.61161617333333,126.995902555,323112.40049330867,4164612.9295504456,100347.80
37.61161624333333,126.99590168833332,323112.3241565807,4164612.9389516003,100347.90
37.61161665666667,126.99590087666665,323112.25348843227,4164612.9863461014,100348.00
37.61161727333333,126.99590000166667,323112.177711555,4164613.0564223127,100348.10
37.61161755,126.99589904499999,323112.0939200701,4164613.088925325,100348.20
37.611618003333334,126.99589780666665,323111.98568389076,4164613.1415626495,100348.30
37.611618746666664,126.99589677333333,323111.8962307456,4164613.2259925622,100348.40
37.61161949833333,126.99589558000001,323111.7926737907,4164613.3116487875,100348.50
37.61161984666667,126.99589439166667,323111.68860240595,4164613.352540825,100348.60
37.611620105,126.99589339333333,323111.6010894709,4164613.3830880844,100348.70
37.611620359999996,126.99589241333334,323111.51518696337,4164613.4132309076,100348.80
37.61162035833333,126.99589129833333,323111.4167594712,4164613.4151479267,100348.90
37.61162053333333,126.99589009000002,323111.31051189336,4164613.436844221,100349.00
37.611620949999995,126.99588883,323111.2002762668,4164613.4854537863,100349.10
37.61162127666667,126.99588752333332,323111.0857079954,4164613.5241647284,100349.20
37.611621353333334,126.995886405,323110.9871718942,4164613.534780079,100349.30
37.611621711666665,126.99588486666669,323110.8522289343,4164613.5774415564,100349.40
37.61162203,126.99588336833334,323110.72072207107,4164613.6155891423,100349.50
37.611622145,126.99588204499999,323110.60418100085,4164613.630844507,100349.60
37.61162212333333,126.99588053666666,323110.4709857053,4164613.6312837945,100349.70
37.61162225666667,126.99587911833332,323110.3461022222,4164613.6487525627,100349.80
37.61162250833333,126.99587767833333,323110.21958659426,4164613.6793927057,100349.90
37.61162257,126.99587623000001,323110.0918851143,4164613.68896574,100350.00
37.61162265166667,126.995874655,323109.9530498764,4164613.7009968115,100350.10
37.61162293666666,126.99587329833334,323109.83396926144,4164613.7351786024,100350.20
37.61162324,126.99587208833333,323109.72787868767,4164613.771118211,100350.30
37.611623325,126.99587052166667,323109.58978695463,4164613.7835034514,100350.40
37.611623574999996,126.995869085,323109.46356162115,4164613.8139523854,100350.50
37.611623845000004,126.995867575,323109.33091038873,4164613.846758815,100350.60
37.61162403,126.99586616166668,323109.206590708,4164613.8699512216,100350.70
37.61162419833333,126.99586470499999,323109.07840640005,4164613.8913759515,100350.80
37.61162424333334,126.99586332166668,323108.95640312287,4164613.898977096,100350.90
37.61162441666667,126.99586187000001,323108.82867202663,4164613.9209472155,100351.00
37.61162460333333,126.99586046166665,323108.70479765744,4164613.944315139,100351.10
37.61162496,126.99585901166665,323108.57764814317,4164613.986625195,100351.20
37.61162506833333,126.99585760666666,323108.45388238516,4164614.0012948,100351.30
37.61162518833333,126.99585631,323108.3397071017,4164614.017054736,100351.40
37.61162522166667,126.995854705,323108.1981091654,4164614.0237792186,100351.50
37.61162541833333,126.99585321333333,323108.0669024801,4164614.0484138755,100351.60
37.611625679999996,126.99585176333333,323107.9395278407,4164614.0801825286,100351.70
37.61162577,126.99585032833332,323107.81307047093,4164614.092874393,100351.80
37.6116258,126.99584890833333,323107.68779499806,4164614.0988802454,100351.90
37.611626011666665,126.99584743666668,323107.5583893077,4164614.1251416407,100352.00
37.611626101666666,126.995846165,323107.44634973677,4164614.137525593,100352.10
37.61162634166667,126.99584481166667,323107.327456738,4164614.166707838,100352.20
37.61162659833334,126.99584332499998,323107.1968336019,4164614.1979908166,100352.30
37.61162701666667,126.99584187833334,323107.0701244774,4164614.2471372816,100352.40
37.61162730666667,126.99584065166667,323106.9625311191,4164614.281628848,100352.50
37.61162759,126.995839225,323106.83726751583,4164614.3157577133,100352.60
37.61162780666667,126.99583786,323106.717289382,4164614.3423728445,100352.70
37.61162810166666,126.99583626333333,323106.57704715076,4164614.378116756,100352.80
37.611628630000006,126.99583476166666,323106.4457437374,4164614.439572764,100352.90
37.61162883833333,126.99583339500002,323106.32559874025,4164614.4652663544,100353.00
37.61162904333333,126.99583203666667,323106.20618144184,4164614.4905743655,100353.10
37.61162928666667,126.99583036333334,323106.0590492381,4164614.520729773,100353.20
37.611629478333334,126.99582905000001,323105.94357259496,4164614.544473456,100353.30
37.61162959,126.995827615,323105.81716657954,4164614.559569531,100353.40
37.61162977166667,126.99582607333332,323105.6815107471,4164614.5826340546,100353.50
37.611629905,126.99582465166668,323105.5563330469,4164614.60010918,100353.60
37.611630455,126.99582323499999,323105.4325841258,4164614.6638091384,100353.70
37.611630876666666,126.99582162666665,323105.2916122376,4164614.713630283,100353.80
37.61163125833333,126.99582032000002,323105.17717435095,4164614.758444232,100353.90
37.611631665,126.99581876833332,323105.04116900906,4164614.8064941177,100354.00
37.61163216,126.99581749,323104.92950074805,4164614.8638303727,100354.10
37.61163222833333,126.99581604333335,323104.8019622066,4164614.874140094,100354.20
37.611632245,126.99581472166668,323104.6853352496,4164614.878481118,100354.30
37.61163240333334,126.99581334666667,323104.5643361652,4164614.8986423356,100354.40
37.611632656666664,126.99581201333334,323104.44724022655,4164614.929266414,100354.50
37.611632875000005,126.99581074999999,323104.3362403991,4164614.9558748496,100354.60
37.61163302,126.99580951499999,323104.227567832,4164614.974292642,100354.70
37.611633231666666,126.99580834166666,323104.12449670694,4164614.9999916623,100354.80
37.611633425,126.99580683999999,323103.9923994222,4164615.024275363,100354.90
37.61163403166667,126.99580530333333,323103.8581921463,4164615.0944894357,100355.00
37.61163432,126.99580384000001,323103.72970376996,4164615.1292422847,100355.10
37.61163466166667,126.99580238499999,323103.60207738343,4164615.1698974106,100355.20
37.61163497,126.99580101666668,323103.48202226567,4164615.206690408,100355.30
37.611635148333335,126.995799635,323103.36048210534,4164615.2290834566,100355.40
37.611635318333335,126.99579808666667,323103.22421016067,4164615.2508660303,100355.50
37.61163550333333,126.99579675333334,323103.10695229133,4164615.273907711,100355.60
37.61163550333333,126.99579534000002,323102.9821942244,4164615.2765722005,100355.70
37.61163584166666,126.99579420500001,323102.8828070541,4164615.3162541823,100355.80
37.611635985,126.99579269333331,323102.7497085604,4164615.3350086464,100355.90
37.611636358333335,126.99579123,323102.6214216292,4164615.379193301,100356.00
37.61163652333333,126.99578974666669,323102.4908755357,4164615.400298533,100356.10
37.611637,126.99578809333335,323102.3460617685,4164615.4563074894,100356.20
37.61163725166667,126.995786825,323102.23469958664,4164615.4866241207,100356.30
37.611637715,126.99578531833335,323102.10280081886,4164615.540877079,100356.40
37.611637888333334,126.99578380833333,323101.9699205457,4164615.5629572785,100356.50
37.61163796833333,126.99578230333333,323101.8372604498,4164615.5746715795,100356.60
37.611638275000004,126.9957808,323101.70528464636,4164615.6115341797,100356.70
37.611638514999996,126.99577941333334,323101.58344927744,4164615.6407793504,100356.80
37.61163862833334,126.99577798833334,323101.4579299567,4164615.6560415784,100356.90
37.61163870166667,126.99577652833335,323101.3292263143,4164615.6669313037,100357.00
37.611638836666664,126.99577524833333,323101.21655780927,4164615.68432435,100357.10
37.61163904166666,126.99577362333333,323101.07360128546,4164615.710135175,100357.20
37.61163927,126.99577189166666,323100.92128435435,4164615.738736217,100357.30
37.61163966666666,126.99577056000001,323100.8046752432,4164615.785261791,100357.40
37.611640005,126.99576922666665,323100.6877807658,4164615.8253177134,100357.50
37.611640431666665,126.99576772166665,323100.55594223423,4164615.87549894,100357.60
37.611640781666665,126.99576639166668,323100.43936965213,4164615.9168431396,100357.70
37.61164095833333,126.99576485499999,323100.3041433646,4164615.939343516,100357.80
37.61164105666667,126.99576331166666,323100.1681429569,4164615.953164422,100357.90
37.611641495,126.99576201166668,323100.0544278827,4164616.004253733,100358.00
37.61164164666666,126.99576070833334,323099.939739199,4164616.023540158,100358.10
37.61164197,126.995759525,323099.8360500138,4164616.061648866,100358.20
37.611642413333335,126.99575776166667,323099.68144733476,4164616.1141665094,100358.30
37.611642579999994,126.99575623500002,323099.5470800767,4164616.1355384225,100358.40
37.611643019999995,126.99575461666667,323099.4052689703,4164616.1874128305,100358.50
37.61164341333333,126.99575336666666,323099.2958608684,4164616.233414586,100358.60
37.61164387833333,126.99575202833333,323099.1788252314,4164616.287535172,100358.70
37.611644371666664,126.99575037666666,323099.0341981175,4164616.3453904153,100358.80
37.61164470166667,126.99574891666667,323098.90610276273,4164616.3847604827,100358.90
37.611644801666664,126.99574741333332,323098.77363719966,4164616.3986909357,100359.00
37.611645185,126.99574609000001,323098.6577321113,4164616.4437213344,100359.10
37.611645528333334,126.99574493166668,323098.55629713973,4164616.48400217,100359.20
37.611645751666664,126.99574351000001,323098.4313327649,4164616.5114640035,100359.30
37.61164622,126.99574208500002,323098.3066547799,4164616.566117869,100359.40
37.61164665,126.99574057833334,323098.17467705254,4164616.6166721503,100359.50
37.61164709166667,126.99573909500002,323098.0447866608,4164616.6684770025,100359.60
37.61164771000001,126.99573765333335,323097.91899296484,4164616.739806629,100359.70
37.61164794333333,126.99573638666668,323097.80773448467,4164616.7680858723,100359.80
37.611648243333335,126.99573499833332,323097.6858942168,4164616.8039919785,100359.90
37.611648583333334,126.99573345833332,323097.5507607944,4164616.8446225137,100400.00
37.611648818333336,126.99573203666665,323097.4258240789,4164616.873378922,100400.10
37.61164863666667,126.99573066833334,323097.3046077443,4164616.8558005234,100400.20
37.61164900833333,126.99572953333333,323097.2052996168,4164616.8991813147,100400.30
37.61164925166667,126.99572792833332,323097.0641994111,4164616.929208056,100400.40
37.611649664999995,126.99572644333333,323096.93409476243,4164616.977872138,100400.50
37.61164995833334,126.99572509,323096.81532822776,4164617.012972524,100400.60
37.611650186666665,126.99572377166666,323096.699497177,4164617.040794378,100400.70
37.6116505,126.99572239,323096.5782769979,4164617.0781674273,100400.80
37.611650700000006,126.99572086833332,323096.44443011854,4164617.1032287055,100400.90
37.61165114999999,126.99571980833335,323096.35192806047,4164617.1551601496,100401.00
37.61165152666667,126.99571841166666,323096.2295338951,4164617.1995890928,100401.10
37.61165144833333,126.995717225,323096.12459857465,4164617.1931343065,100401.20
37.61165185,126.99571603999999,323096.0209479428,4164617.239938246,100401.30
37.611652191666664,126.99571482166667,323095.91421271104,4164617.2801472987,100401.40
37.61165262833333,126.99571339666666,323095.7894597017,4164617.331287398,100401.50
37.611653051666664,126.99571196333333,323095.6639394974,4164617.3809637153,100401.60
37.61165334666667,126.99571061,323095.5451769228,4164617.416249057,100401.70
37.611653964999995,126.99570927,323095.4283575975,4164617.487387045,100401.80
37.61165430333333,126.99570799,323095.3161710181,4164617.5273424936,100401.90
37.611654683333335,126.99570644166667,323095.18039681605,4164617.5724272677,100402.00
37.611655000000006,126.99570487166666,323095.0425599528,4164617.610525289,100402.10
37.61165524666667,126.99570339166667,323094.9125016938,4164617.640686273,100402.20
37.61165545166667,126.99570207166668,323094.7964682378,4164617.665922179,100402.30
37.61165569,126.99570084333332,323094.68860539456,4164617.6946840044,100402.40
37.61165605,126.99569949999999,323094.5708795994,4164617.7371630496,100402.50
37.61165645333333,126.99569787166665,323094.428098927,4164617.7849877826,100402.60
37.61165646333333,126.99569653333334,323094.30998500733,4164617.788620627,100402.70
37.611656675,126.99569550666665,323094.2198605285,4164617.8140432546,100402.80
37.61165718833333,126.99569432833331,323094.1170630448,4164617.873225432,100402.90
37.61165724666667,126.99569302333333,323094.0020060813,4164617.882158609,100403.00
37.61165746166667,126.99569157166667,323093.8743738226,4164617.908752389,100403.10
37.61165784,126.99569001333333,323093.7377129619,4164617.9536711047,100403.20
37.61165803833333,126.99568881833332,323093.63269773487,4164617.977931609,100403.30
37.611658283333334,126.99568767500001,323093.53235384123,4164618.007272943,100403.40
37.611658211666665,126.99568631666668,323093.4122809308,4164618.001881592,100403.50
37.61165848666667,126.99568483166668,323093.2818484679,4164618.0351959597,100403.60
37.61165871,126.99568321166667,323093.1393768115,4164618.0630318047,100403.70
37.61165921,126.99568184500001,323093.0199231414,4164618.121089576,100403.80
37.61165936,126.99568042666667,323092.89507924585,4164618.1404079786,100403.90
37.61165950666667,126.99567893333332,323092.7636070388,4164618.1594979153,100404.00
37.61165933833333,126.99567761166666,323092.6465416764,4164618.1433110964,100404.10
37.611659401666664,126.99567616166665,323092.5186970959,4164618.1530724843,100404.20
37.61165964166666,126.995674905,323092.40833717526,4164618.1820726953,100404.30
37.61165985666666,126.99567352666666,323092.2871782215,4164618.2085282393,100404.40
37.611660125,126.99567219666666,323092.17041215557,4164618.240810644,100404.50
37.61166043666666,126.99567102333334,323092.0675781028,4164618.2776060384,100404.60
37.611660703333335,126.99566959500001,323091.9421279896,4164618.3098889044,100404.70
37.611661516666665,126.99566820999999,323091.82179860596,4164618.402749423,100404.80
37.61166169166667,126.99566678833335,323091.69671972905,4164618.4248481863,100404.90
37.61166151333334,126.99566542333332,323091.5758055375,4164618.4076334606,100405.00
37.611661721666664,126.99566405166667,323091.4552192706,4164618.4333366985,100405.10
37.61166139666667,126.99566261166667,323091.3273370654,4164618.3999889204,100405.20
37.611661455,126.99566112333332,323091.1960968711,4164618.4092677897,100405.30
37.611661526666666,126.99565993833333,323091.09166418,4164618.41945426,100405.40
37.61166171333333,126.99565876166668,323090.9882396398,4164618.442385675,100405.50
37.61166192166667,126.99565739666666,323090.86824185203,4164618.468076353,100405.60
37.611661840000004,126.99565629833333,323090.77109601465,4164618.461085218,100405.70
37.61166217666666,126.99565492833332,323090.6509610203,4164618.5010254774,100405.80
37.61166235333334,126.99565343666667,323090.5197070426,4164618.523441173,100405.90
37.61166269666667,126.99565195166666,323090.38943654846,4164618.5643380065,100406.00
37.61166304166667,126.99565058666667,323090.26976267155,4164618.60519353,100406.10
37.61166326,126.99564912,323090.1408142496,4164618.6321855225,100406.20
37.61166387833334,126.99564783833333,323090.0291441949,4164618.703213611,100406.30
37.61166412666667,126.99564621833333,323089.88673181075,4164618.7338235667,100406.40
37.611664375000004,126.99564499833332,323089.7796282992,4164618.7636793684,100406.50
37.61166483,126.995643515,323089.64976958744,4164618.816963852,100406.60
37.611664866666665,126.99564192666666,323089.50965083326,4164618.8240271066,100406.70
37.611665349999996,126.99564053,323089.38750953006,4164618.880292123,100406.80
37.611665681666665,126.99563924833335,323089.2751600766,4164618.9195110495,100406.90
37.611665906666666,126.995637925,323089.15887980803,4164618.946972565,100407.00
37.61166640166667,126.99563646,323089.0307342272,4164619.0046609812,100407.10
37.611666809999996,126.99563517,323088.9178308763,4164619.0524027287,100407.20
37.611667098333335,126.99563365500002,323088.7847818829,4164619.0872532255,100407.30
37.61166750666666,126.99563219000001,323088.6564309028,4164619.135324923,100407.40
37.61166781666667,126.99563080499999,323088.53490864247,4164619.172334504,100407.50
37.61166813666667,126.99562949333334,323088.4198833796,4164619.210315445,100407.60
37.611668173333335,126.99562814000001,323088.3005085939,4164619.2169356495,100407.70
37.61166826666667,126.99562670333334,323088.1739120984,4164619.230000832,100407.80
37.61166877,126.99562563833334,323088.0810951504,4164619.287859785,100407.90
37.611668978333334,126.99562423833335,323087.958007858,4164619.313616495,100408.00
37.61166924166666,126.99562295333332,323087.8452022183,4164619.3452593065,100408.10
37.61166953833333,126.99562157833334,323087.7245310869,4164619.3807705487,100408.20
37.61167013,126.99561999166666,323087.5858748449,4164619.4494147305,100408.30
37.611670458333336,126.99561885666665,323087.4864640888,4164619.48798728,100408.40
37.611670625,126.99561747499999,323087.36489637324,4164619.509086007,100408.50
37.61167064666667,126.99561598500001,323087.2334221798,4164619.514299467,100408.60
37.611670679999996,126.99561458333334,323087.1097730092,4164619.5206409427,100408.70
37.61167092166667,126.99561342833334,323087.00839140743,4164619.54963448,100408.80
37.611671253333334,126.99561230166667,323086.90972415864,4164619.588561199,100408.90
37.61167172166667,126.99561116666668,323086.81064521894,4164619.642668468,100409.00
37.61167203,126.99560981166665,323086.69176718674,4164619.679436576,100409.10
37.61167225166666,126.995608295,323086.5584130862,4164619.7068927693,100409.20
37.61167272,126.99560712166667,323086.45595038246,4164619.76107232,100409.30
37.61167299333333,126.99560584166666,323086.343609816,4164619.793815346,100409.40
37.61167360333333,126.995604565,323086.2323614184,4164619.8639093745,100409.50
37.611673935,126.99560334499999,323086.12545543874,4164619.903012077,100409.60
37.61167400666667,126.99560203166666,323086.0096945055,4164619.9134405744,100409.70
37.611674431666664,126.99560072166666,323085.89506523893,4164619.963069443,100409.80
37.611674586666666,126.995599485,323085.7862693464,4164619.982600247,100409.90
37.61167495666667,126.99559836333334,323085.688134323,4164620.025771105,100410.00
37.611674945,126.99559730000001,323085.5942439275,4164620.026481396,100410.10
37.611675235,126.99559612333333,323085.49106432585,4164620.0608789776,100410.20
37.61167552333333,126.99559489166668,323085.38302580896,4164620.0951953223,100410.30
37.611675795,126.99559337500001,323085.2497902183,4164620.1281996495,100410.40
37.611676034999995,126.99559222333333,323085.1486989211,4164620.157001989,100410.50
37.611676296666666,126.995591135,323085.053249546,4164620.1880890992,100410.60
37.61167650666666,126.99558989500001,323084.94428977335,4164620.2137291194,100410.70
37.61167698333334,126.99558868166666,323084.83831594675,4164620.268908794,100410.80
37.61167732666667,126.99558729999998,323084.7171669625,4164620.309610887,100410.90
37.611677549999996,126.99558590500001,323084.5945566087,4164620.337022654,100411.00
37.611677959999994,126.99558462333334,323084.4823928502,4164620.384933688,100411.10
37.611678125000005,126.99558335666667,323084.3709724984,4164620.4056306975,100411.20
37.61167889833334,126.99558235666667,323084.28453320777,4164620.493326939,100411.30
37.61167913333334,126.99558108166666,323084.17254316603,4164620.521807019,100411.40
37.611679513333335,126.99557958166666,323084.04103555286,4164620.56680085,100411.50
37.611680045,126.99557811666666,323083.91297693306,4164620.628557962,100411.60
37.61168069833333,126.99557677166668,323083.79579933983,4164620.7035892266,100411.70
37.611681151666666,126.99557551166666,323083.68565085763,4164620.7562677828,100411.80
37.61168146166666,126.99557417,323083.56795376854,4164620.7931957357,100411.90
37.61168186166666,126.99557286833333,323083.4540008758,4164620.840034871,100412.00
37.611682255,126.99557155833332,323083.33929658425,4164620.8861499713,100412.10
37.61168249666667,126.99557018166666,323083.218348015,4164620.915561501,100412.20
37.611682699999996,126.99556888833334,323083.1046646055,4164620.9405623577,100412.30
37.61168311666667,126.99556776,323083.0060517279,4164620.9889240554,100412.40
37.611683605,126.99556671,323082.9145233665,4164621.045090353,100412.50
37.61168388666667,126.99556556166665,323082.8138250797,4164621.078509861,100412.60
37.611684335,126.99556401166667,323082.6780658345,4164621.131180407,100412.70
37.611684530000005,126.99556270500001,323082.5631857151,4164621.1552817263,100412.80
37.61168524333333,126.99556134333334,323082.4446791437,4164621.237002169,100412.90
37.61168559833333,126.995560145,323082.3397410647,4164621.2786531863,100413.00
37.61168618166666,126.99555890000002,323082.2312248008,4164621.34572857,100413.10
37.611686680000005,126.99555758666665,323082.1164751423,4164621.4035010086,100413.20
37.611687448333335,126.99555630333334,323082.0050135922,4164621.4911766835,100413.30
37.61168770333334,126.99555479500002,323081.87247413606,4164621.5223159846,100413.40
37.61168796166667,126.995553495,323081.75833261193,4164621.5534323524,100413.50
37.611688103333336,126.99555211666666,323081.636999923,4164621.571750825,100413.60
37.61168863,126.99555067000001,323081.51054780895,4164621.632918598,100413.70
37.61168913833333,126.99554911833333,323081.3747836623,4164621.692250042,100413.80
37.611689504999994,126.99554764499999,323081.2455984026,4164621.7357141427,100413.90
37.61169040666667,126.99554631499998,323081.130333515,4164621.8382727834,100414.00
37.61169074,126.99554494,323081.00974935165,4164621.877852741,100414.10
37.61169095666666,126.99554367166665,323080.8983043642,4164621.9042859874,100414.20
37.61169165666667,126.99554224500001,323080.77402852883,4164621.9846495166,100414.30
37.61169203666667,126.99554078999999,323080.6464932008,4164622.029558557,100414.40
37.61169247,126.99553937166665,323080.5223209271,4164622.0803164477,100414.50
37.611692813333335,126.99553818333334,323080.4182379388,4164622.120654077,100414.60
37.61169306833334,126.99553698166667,323080.3127686246,4164622.151215186,100414.70
37.61169331,126.99553577333333,323080.20667922735,4164622.1803093674,100414.80
37.61169381333333,126.995534455,323080.09150008473,4164622.2386460714,100414.90
37.61169451166666,126.99553294166665,323079.9595700572,4164622.3189880853,100415.00
37.611694855,126.99553157666666,323079.8398923283,4164622.3596588285,100415.10
37.61169509,126.99553027166667,323079.72525415866,4164622.388195532,100415.20
37.61169496666666,126.99552895500001,323079.60873683845,4164622.3769927733,100415.30
37.61169518,126.99552749666667,323079.48051225406,4164622.4034144105,100415.40
37.61169571999999,126.99552609166668,323079.3577697734,4164622.4659831515,100415.50
37.611695921666666,126.99552458333334,323079.2251039314,4164622.491204511,100415.60
37.61169564,126.99552309,323079.0926165857,4164622.462765845,100415.70
37.611696115,126.99552186833334,323078.9859032766,4164622.51777637,100415.80
37.61169617666667,126.99552060333332,323078.8743851647,4164622.5270042145,100415.90
37.61169657666667,126.99551921166668,323078.75248783,4164622.574013111,100416.00
37.611696925000004,126.99551789,323078.6366470844,4164622.6151569774,100416.10
37.611697545,126.99551657333335,323078.52189160127,4164622.686436156,100416.20
37.611698176666664,126.99551521333333,323078.4033386441,4164622.7590916,100416.30
37.611698876666665,126.99551404500001,323078.3018664819,4164622.838968076,100416.40
37.611699265,126.99551267,323078.18141270266,4164622.8846509964,100416.50
37.61169974333333,126.9955115,323078.0792680323,4164622.939933989,100416.60
37.61170017166667,126.99551026833333,323077.9715614034,4164622.989785145,100416.70
37.61170039833333,126.99550875999999,323077.8389548254,4164623.0177805824,100416.80
37.61170078333334,126.99550760666668,323077.73806014523,4164623.06267568,100416.90
37.61170129333333,126.99550656499999,323077.64731879113,4164623.121230505,100417.00
37.611701685,126.99550531666667,323077.53805405746,4164623.167044478,100417.10
37.61170223,126.99550408333334,323077.43047684006,4164623.2298443774,100417.20
37.61170289166667,126.995502795,323077.3183211745,4164623.305693575,100417.30
37.61170351166666,126.99550163333333,323077.21724789427,4164623.376680515,100417.40
37.611704355,126.99550075833334,323077.14200864243,4164623.4719085013,100417.50
37.61170498333333,126.99549931666667,323077.0162389155,4164623.544348079,100417.60
37.61170569833334,126.99549820333336,323076.91965729964,4164623.6257852996,100417.70
37.61170603,126.995497115,323076.8243739031,4164623.6646398637,100417.80
37.61170654666667,126.99549598833333,323076.7261452342,4164623.7240947178,100417.90
37.61170713166667,126.99549463166667,323076.60777593893,4164623.7915656664,100418.00
37.611708003333334,126.99549338666665,323076.4999431602,4164623.890635239,100418.10
37.6117086,126.99549234,323076.40896588494,4164623.9588162326,100418.20
37.611709335,126.99549106666667,323076.29830814095,4164624.042774394,100418.30
37.61171016,126.99548975833335,323076.1847741921,4164624.136785148,100418.40
37.611711140000004,126.99548856999999,323076.08220028225,4164624.2477687877,100418.50
37.61171184,126.99548746999999,323075.9867600886,4164624.327516446,100418.60
37.61171251166666,126.99548646833334,323075.89993283583,4164624.4039347637,100418.70
37.61171323833333,126.995485225,323075.7919035114,4164624.48691168,100418.80
37.611713861666665,126.99548393666667,323075.6796570233,4164624.5585073493,100418.90
37.61171454,126.99548259333332,323075.56268592936,4164624.6363096484,100419.00
37.61171527166667,126.99548144333333,323075.4629071959,4164624.7196653946,100419.10
37.611715841666665,126.99548028333332,323075.3618625569,4164624.7851011055,100419.20
37.61171663166667,126.99547925666666,323075.27310898644,4164624.8746971004,100419.30
37.61171719833333,126.99547803333334,323075.1664658835,4164624.939882355,100419.40
37.61171793333333,126.99547680333332,323075.0596332854,4164625.023758826,100419.50
37.61171887166667,126.99547562000001,323074.9574020079,4164625.1301096245,100419.60
37.61171967833333,126.99547454666666,323074.8645685829,4164625.221642988,100419.70
37.61172035166667,126.99547350833333,323074.7745086524,4164625.2983153923,100419.80
37.61172110166667,126.99547244833333,323074.68271788023,4164625.383535756,100419.90
37.61172199833334,126.99547146333335,323074.59789515624,4164625.4848891646,100420.00
37.611722835,126.99547022833333,323074.490862186,4164625.58005623,100420.10
37.611723553333334,126.99546903166666,323074.3869325051,4164625.6620204872,100420.20
37.61172419166667,126.99546806166667,323074.302821555,4164625.7346803728,100420.30
37.611724751666664,126.99546729000001,323074.23603224056,4164625.7982742474,100420.40
37.61172551666667,126.99546627,323074.1478079185,4164625.885083628,100420.50
37.61172608833333,126.99546519833332,323074.05456462293,4164625.950537734,100420.60
37.61172695333333,126.99546400333332,323073.95112970925,4164626.0487733153,100420.70
37.611728155,126.99546321833334,323073.8846843469,4164626.1835930985,100420.80
37.61172883166667,126.99546230166668,323073.80537211336,4164626.260405978,100420.90
37.611729695,126.99546142166668,323073.7297389689,4164626.35786267,100421.00
37.61173042,126.995460485,323073.64877585496,4164626.4400764387,100421.10
37.61173135666666,126.99545940000002,323073.55522075394,4164626.546056902,100421.20
37.61173203333333,126.99545853166667,323073.48017501045,4164626.6227786513,100421.30
37.61173275333333,126.99545752,323073.39257964236,4164626.7045790283,100421.40
37.61173343666667,126.99545685166667,323073.33520412666,4164626.781663409,100421.50
37.61173408166667,126.99545619833334,323073.2790618322,4164626.8544659563,100421.60
37.61173470000001,126.99545554666665,323073.22300344927,4164626.9243063675,100421.70
37.61173575,126.99545474166668,323073.15443317837,4164627.0423345976,100421.80
37.61173682833333,126.99545383000002,323073.07651437353,4164627.1637078854,100421.90
37.61173771666667,126.99545304,323073.00888499233,4164627.263768939,100422.00
37.611738415,126.99545224,323072.9399225448,4164627.342766025,100422.10
37.611739621666665,126.99545167666665,323072.89305604,4164627.477722659,100422.20
37.611740485000006,126.99545078666667,323072.816540202,4164627.5751982173,100422.30
37.611741118333335,126.99545011666666,323072.7588990608,4164627.646737634,100422.40
37.61174226666667,126.99544952666665,323072.70954037784,4164627.7752717542,100422.50
37.61174322,126.99544877333334,323072.6453017208,4164627.8824762185,100422.60
37.611744028333334,126.99544796500001,323072.5758644086,4164627.9736948656,100422.70
37.611744935000004,126.99544750499999,323072.5374082867,4164628.0751679894,100422.80
37.61174588166667,126.99544682166668,323072.47933287814,4164628.1815007157,100422.90
37.61174680166666,126.99544624,323072.4301685925,4164628.284682748,100423.00
37.611747945000005,126.99544542999999,323072.3613782048,4164628.4130768892,100423.10
37.61174890833333,126.99544495666666,323072.3218794435,4164628.520863014,100423.20
37.61174974833333,126.99544433499999,323072.2689946565,4164628.6152434926,100423.30
37.611750623333336,126.995443995,323072.2410561349,4164628.7129765456,100423.40
37.61175163833333,126.99544364166668,323072.21227249235,4164628.8262694487,100423.50
37.611752304999996,126.99544315833333,323072.1711878316,4164628.9011556352,100423.60
37.61175309,126.99544280166668,323072.1415647863,4164628.988933513,100423.70
37.61175385166667,126.99544253500001,323072.11983092304,4164629.0739525687,100423.80
37.61175489166667,126.99544221,323072.0936075798,4164629.189966104,100423.90
37.61175583333333,126.99544200166665,323072.0774495695,4164629.2948483685,100424.00
37.61175677666667,126.99544175999999,323072.0583531122,4164629.3999784235,100424.10
37.611757945,126.99544140666667,323072.02993291523,4164629.530285537,100424.20
37.611759103333334,126.99544119,323072.01355286816,4164629.6592253316,100424.30
37.611759915,126.99544088500001,323071.9885537586,4164629.74986478,100424.40
37.61176094166667,126.99544056,323071.9622988186,4164629.86439882,100424.50
37.611761935,126.99544041666668,323071.9520009636,4164629.97489157,100424.60
37.611762915,126.99544014833333,323071.9306374943,4164630.0841405224,100424.70
37.611764011666665,126.99543975833333,323071.898810791,4164630.2065644828,100424.80
37.611764988333334,126.99543945166667,323071.874055661,4164630.315515842,100424.90
37.611765848333334,126.99543916666669,323071.8509365617,4164630.4114807528,100425.00
37.61176668833333,126.99543898666667,323071.83703862294,4164630.505028434,100425.10
37.61176768333333,126.99543857666667,323071.803205502,4164630.616208946,100425.20
37.611768760000004,126.99543846166668,323071.79560621735,4164630.7358951247,100425.30
37.611769988333336,126.99543813,323071.76924080757,4164630.872819119,100425.40
37.61177115333333,126.995437995,323071.76008545613,4164631.002344672,100425.50
37.611772249999994,126.995437955,323071.75915398076,4164631.124108674,100425.60
37.611773201666665,126.99543749833335,323071.7210987904,4164631.2305688183,100425.70
37.61177419666667,126.99543724666667,323071.7012420861,4164631.34145078,100425.80
37.61177539333333,126.99543708499999,323071.68980787246,4164631.47454042,100425.90
37.61177644666667,126.99543683833332,323071.67053079477,4164631.5918857493,100426.00
37.61177752166667,126.99543661999999,323071.65380611445,4164631.7115818355,100426.10
37.611778545,126.99543624166667,323071.6228354446,4164631.8258465687,100426.20
37.611779563333336,126.9954361,323071.61274397536,4164631.9391102325,100426.30
37.61178048166666,126.99543580166667,323071.5885861899,4164632.041573084,100426.40
37.61178169,126.9954359,323071.6001303677,4164632.1754670287,100426.50
37.61178307833333,126.99543598666666,323071.61107135436,4164632.3293561745,100426.60
37.61178426,126.99543600999999,323071.6159319207,4164632.4604325485,100426.70
37.61178545166667,126.99543586666665,323071.60610418033,4164632.592932808,100426.80
37.61178635666667,126.99543591499999,323071.61251576955,4164632.69326249,100426.90
37.61178736,126.99543575000001,323071.600329069,4164632.8049057173,100427.00
37.611788563333334,126.99543593666667,323071.61965875723,4164632.9380782917,100427.10
37.61178966833334,126.99543595333334,323071.62374912144,4164633.06066013,100427.20
37.61179077166666,126.99543600166665,323071.6306308146,4164633.1829973212,100427.30
37.61179195166667,126.99543600166665,323071.63342774945,4164633.3139327546,100427.40
37.61179271666666,126.99543597499999,323071.632887096,4164633.3988691424,100427.50
37.61179368333333,126.995436035,323071.6404746944,4164633.5060194964,100427.60
37.61179499166667,126.99543659666666,323071.6931552756,4164633.6501360084,100427.70
37.61179624,126.99543730666667,323071.75878732314,4164633.787315087,100427.80
37.61179734166667,126.99543736166667,323071.76625354704,4164633.909454773,100427.90
37.611798175,126.99543742833333,323071.7741135821,4164634.00179759,100428.00
37.61179906666667,126.995437995,323071.8262479021,4164634.099670412,100428.10
37.611800124999995,126.99543819333333,323071.84626373614,4164634.2167314636,100428.20
37.611801335,126.99543855333334,323071.88090970786,4164634.3503169506,100428.30
37.61180224833333,126.995438635,323071.89028344495,4164634.4515084648,100428.40
37.61180316,126.99543883666665,323071.9102458756,4164634.552288771,100428.50
37.611804195,126.995438875,323071.91608287825,4164634.667062398,100428.60
37.61180525166667,126.99543931833333,323071.9577214039,4164634.7834765445,100428.70
37.61180634,126.99543980833332,323072.0035543493,4164634.9033165,100428.80
37.611807415,126.99544036500001,323072.05524049536,4164635.0215512533,100428.90
37.61180850666666,126.99544043166667,323072.0637128493,4164635.1425593146,100429.00
37.61180940333334,126.99544104,323072.1195370117,4164635.2409083825,100429.10
37.61181038166667,126.99544175333334,323072.1848233057,4164635.348121379,100429.20
37.611811468333336,126.99544217333332,323072.2244732524,4164635.467908389,100429.30
37.611812486666665,126.99544250166667,323072.2558696326,4164635.5802858244,100429.40
37.611813336666664,126.99544302000001,323072.30363869574,4164635.6736263568,100429.50
37.611814538333334,126.99544319500001,323072.32193458,4164635.8066359954,100429.60
37.61181551,126.99544366,323072.365284183,4164635.913577497,100429.70
37.61181640833333,126.99544413500001,323072.40934268443,4164636.0123629146,100429.80
37.611817343333335,126.99544491666666,323072.4805581773,4164636.1146387015,100429.90
37.611818338333336,126.99544562999999,323072.54588396504,4164636.22370107,100430.00
37.61181952166667,126.99544657666665,323072.6322529535,4164636.353221357,100430.10
37.611820484999996,126.99544717666667,323072.6874995221,4164636.4589836197,100430.20
37.61182127666667,126.99544772833333,323072.738072708,4164636.545788507,100430.30
37.61182223666666,126.99544830666667,323072.7913988102,4164636.651221753,100430.40
37.611823306666665,126.99544887833332,323072.8443971605,4164636.7688734154,100430.50
37.611824289999994,126.99544940166668,323072.89292360784,4164636.876999487,100430.60
37.611825110000005,126.99545013166669,323072.9593057877,4164636.9666120433,100430.70
37.61182589166666,126.99545091333333,323073.0301578251,4164637.0518736243,100430.80
37.61182679833333,126.99545144999999,323073.07967950456,4164637.1514674528,100430.90
37.61182754666667,126.99545213666667,323073.14206669416,4164637.2332094233,100431.00
37.61182829833333,126.99545290166667,323073.21137641976,4164637.315173565,100431.10
37.611829145,126.99545377999999,323073.2909154792,4164637.407465421,100431.20
37.61183006500001,126.995454565,323073.3623896375,4164637.5080704964,100431.30
37.611830929999996,126.99545543499998,323073.4412365484,4164637.6024123724,100431.40
37.611831540000004,126.99545621333333,323073.5113874418,4164637.6686317273,100431.50
37.61183242333333,126.99545688833332,323073.57306476746,4164637.7653756016,100431.60
37.611833151666666,126.99545773833333,323073.64982229925,4164637.8445903542,100431.70
37.611833931666666,126.99545837833332,323073.708165174,4164637.9299341277,100431.80
37.611834771666665,126.99545912833334,323073.7763601834,4164638.021728221,100431.90
37.61183576333334,126.99545987833332,323073.84491467813,4164638.130351587,100432.00
37.61183652166667,126.995460565,323073.9073255536,4164638.2132031852,100432.10
37.611837081666664,126.99546132333334,323073.9755924866,4164638.273912144,100432.20
37.61183775666667,126.99546225333333,323074.0592853536,4164638.3470580685,100432.30
37.61183835666667,126.99546327333334,323074.15074493096,4164638.4117121254,100432.40
37.61183903166667,126.99546430333334,323074.24326499295,4164638.4846694963,100432.50
37.611839573333334,126.99546537333332,323074.33899989945,4164638.5427564783,100432.60
37.61184010333333,126.99546625666666,323074.4182297165,4164638.5999008766,100432.70
37.61184078,126.99546728166666,323074.5103123659,4164638.673052614,100432.80
37.61184145166667,126.99546819166666,323074.59223188454,4164638.745866383,100432.90
37.611842151666664,126.995469285,323074.69040175446,4164638.8214783934,100433.00
37.611842815,126.99547013000002,323074.7665638415,4164638.89349004,100433.10
37.61184346333334,126.99547112166668,323074.85563692846,4164638.963560704,100433.20
37.611844008333335,126.99547206333334,323074.94005148776,4164639.0222595474,100433.30
37.61184474666666,126.99547318666667,323075.04096037056,4164639.102068548,100433.40
37.611845476666666,126.99547440666666,323075.15038245555,4164639.1807705946,100433.50
37.61184596333333,126.99547553833332,323075.2514304216,4164639.2326383884,100433.60
37.611846414999995,126.995476645,323075.35018863087,4164639.280669645,100433.70
37.61184691166667,126.99547796166668,323075.4675906154,4164639.333298239,100433.80
37.61184747,126.99547912833334,323075.57189796504,4164639.3930523354,100433.90
37.61184808666667,126.99548017999999,323075.6661922978,4164639.459496071,100434.00
37.61184857333333,126.99548136999998,323075.7723894573,4164639.5112538813,100434.10
37.61184925333334,126.99548258833332,323075.8815458986,4164639.584410968,100434.20
37.611849871666664,126.99548356833333,323075.96951802284,4164639.651174773,100434.30
37.61185026166667,126.99548451333334,323076.0538594249,4164639.692668199,100434.40
37.611850645,126.99548582166666,323076.1702571686,4164639.7327367924,100434.50
37.61185090833333,126.99548689333332,323076.26547945524,4164639.7599361683,100434.60
37.61185121833333,126.99548820166667,323076.3817033826,4164639.791867535,100434.70
37.611851635,126.99548962666668,323076.50847853103,4164639.8354148963,100434.80
37.61185185666667,126.99549077166667,323076.6100753315,4164639.8578525754,100434.90
37.611852086666666,126.995491835,323076.7044830057,4164639.8813689267,100435.00
37.611852363333334,126.99549290333334,323076.7994426525,4164639.91005409,100435.10
37.611852715000005,126.995494005,323076.8975224593,4164639.9469985715,100435.20
37.61185302333333,126.99549509333335,323076.9943225997,4164639.9791598283,100435.30
37.61185347666667,126.99549622833335,323077.09558577987,4164640.0273226183,100435.40
37.61185403166667,126.99549745,323077.2047401642,4164640.086603158,100435.50
37.61185460666666,126.99549844500001,323077.29393364035,4164640.14853033,100435.60
37.61185510333333,126.99549924833333,323077.3660226561,4164640.2021268574,100435.70
37.611855535000004,126.99550045833332,323077.4738548714,4164640.247744056,100435.80
37.611855588333334,126.99550177,323077.58976467396,4164640.251188849,100435.90
37.61185596666667,126.99550296333334,323077.6959992768,4164640.2909194897,100436.00
37.61185615,126.99550427000001,323077.8117758446,4164640.3087988044,100436.10
37.611856108333335,126.99550549666668,323077.91995736037,4164640.30186246,100436.20
37.611856444999994,126.99550645666667,323078.00549640955,4164640.337409634,100436.30
37.611856796666665,126.99550770333332,323078.1163756406,4164640.3740807273,100436.40
37.61185698333334,126.995508855,323078.2184779545,4164640.392622179,100436.50
37.611857529999995,126.99551010833332,323078.3304078528,4164640.4509183373,100436.60
37.61185821,126.99551114666669,323078.42367530917,4164640.5244148504,100436.70
37.61185853,126.99551232666666,323078.52859468,4164640.557697846,100436.80
37.611858901666665,126.995513575,323078.639668431,4164640.596585045,100436.90
37.611859351666666,126.99551484,323078.7523990454,4164640.6441328647,100437.00
37.611859503333335,126.99551624666668,323078.8769277469,4164640.658309838,100437.10
37.611859679999995,126.99551754333334,323078.99180578353,4164640.6754682744,100437.20
37.611859859999996,126.99551885999999,323079.10845716065,4164640.692958877,100437.30
37.611860048333334,126.99551998666666,323079.208356617,4164640.7117324146,100437.40
37.61186028833333,126.99552115166668,323079.3117622916,4164640.736166723,100437.50
37.611860625,126.995522385,323079.4214289998,4164640.7711985386,100437.60
37.611860855,126.99552368666667,323079.5368748038,4164640.7942655417,100437.70
37.61186113833333,126.99552468333334,323079.6255240723,4164640.8238256127,100437.80
37.61186137666667,126.99552570333331,323079.716126357,4164640.8483483884,100437.90
37.61186173833333,126.99552703666669,323079.834679516,4164640.885965714,100438.00
37.611861829999995,126.99552791333332,323079.912281858,4164640.8944842885,100438.10
37.61186198833333,126.99552920333332,323080.0265279573,4164640.9096210017,100438.20
37.61186232666667,126.99553062666668,323080.1529702835,4164640.944479519,100438.30
37.611862665,126.99553197333334,323080.2726450905,4164640.979482591,100438.40
37.611862916666674,126.99553325999999,323080.3868181627,4164641.0049820715,100438.50
37.611862735,126.99553422833333,323080.47186425584,4164640.9829981355,100438.60
37.6118629,126.99553546333333,323080.58127119543,4164640.9989783075,100438.70
37.61186332,126.99553663500001,323080.6856919719,4164641.043373264,100438.80
37.611863660000004,126.99553773833334,323080.7838912178,4164641.079020089,100438.90
37.61186396833333,126.99553878500001,323080.87701332755,4164641.111259952,100439.00
37.61186418166667,126.99554002166666,323080.9866819418,4164641.1326001617,100439.10
37.61186438833333,126.99554104333335,323081.077356287,4164641.153606006,100439.20
37.611864563333334,126.99554217333335,323081.177518371,4164641.170893785,100439.30
37.611864688333334,126.99554336166666,323081.2827111413,4164641.182523467,100439.40
37.61186480833333,126.99554456833333,323081.38951038127,4164641.1935637714,100439.50
37.61186493666666,126.99554587166668,323081.50486232806,4164641.205346498,100439.60
37.61186511333334,126.99554720166667,323081.622682748,4164641.2224421236,100439.70
37.611865515,126.99554820666665,323081.71234806906,4164641.2651170325,100439.80
37.61186573166666,126.99554928,323081.80760682886,4164641.2871350897,100439.90
37.61186567666667,126.99555056,323081.92046456644,4164641.278618743,100440.00
37.61186583666667,126.99555144,323081.9985231053,4164641.2947134716,100440.10
37.61186601666667,126.99555243000002,323082.0863389628,4164641.312820041,100440.20
37.61186625166667,126.995553535,323082.18443645013,4164641.3368127034,100440.30
37.61186646,126.99555459666665,323082.2786456157,4164641.357928078,100440.40
37.611866635,126.99555580333332,323082.3855752094,4164641.3750713184,100440.50
37.61186678666666,126.995557035,323082.49465629784,4164641.389578303,100440.60
37.61186683333334,126.99555832666668,323082.60878483934,4164641.392321127,100440.70
37.61186676666667,126.99555931166667,323082.6955746963,4164641.383066449,100440.80
37.61186686166666,126.99556044833335,323082.79613564187,4164641.3914646977,100440.90
37.61186720666667,126.99556148166667,323082.8881676864,4164641.427798341,100441.00
37.611867409999995,126.99556243666666,323082.9729493233,4164641.448560029,100441.10
37.611867636666666,126.99556345499998,323083.0633768182,4164641.471791425,100441.20
37.61186755166667,126.995564485,323083.15409546543,4164641.460417596,100441.30
37.61186790666667,126.99556553333332,323083.247475286,4164641.4978325823,100441.40
37.61186808,126.99556652333334,323083.33527533704,4164641.5151994163,100441.50
37.61186855333334,126.99556748000002,323083.42084402917,4164641.56591777,100441.60
37.611868785,126.99556850833332,323083.5121660909,4164641.5896851257,100441.70
37.61186867666667,126.99556949000001,323083.5985629563,4164641.5758133144,100441.80
37.61186876,126.99557066333334,323083.70233288145,4164641.5828478816,100441.90
37.61186865,126.99557194333332,323083.81506025617,4164641.568228637,100442.00
37.61186876,126.99557280833332,323083.89167620393,4164641.5788035523,100442.10
37.61186903833333,126.99557363999999,323083.9657487223,4164641.60811996,100442.20
37.611869311666666,126.99557478833334,323084.06776217575,4164641.6362844943,100442.30
37.61186955166667,126.99557596499999,323084.1721976574,4164641.660696866,100442.40
37.61186977166667,126.99557683666666,323084.2496627972,4164641.6834650594,100442.50
37.61186995166667,126.99557784666668,323084.33924408455,4164641.701533944,100442.60
37.61187011166667,126.99557871833333,323084.41656701395,4164641.717644407,100442.70
37.61187030333333,126.99557953166668,323084.48881580017,4164641.737378657,100442.80
37.611870374999995,126.99558047166666,323084.57196128415,4164641.743558618,100442.90
37.61187064166666,126.99558144166667,323084.65821710194,4164641.77131965,100443.00
37.61187076666667,126.99558243666667,323084.7463439491,4164641.783313899,100443.10
37.61187103666667,126.99558365666665,323084.85467564897,4164641.810973442,100443.20
37.61187124666667,126.99558477999999,323084.95433218864,4164641.8321575155,100443.30
37.611871406666666,126.99558585833331,323085.04989798344,4164641.8478783225,100443.40
37.61187167333333,126.99558692166666,323085.14439250994,4164641.875463384,100443.50
37.61187200833333,126.99558806166667,323085.2458165126,4164641.9104863135,100443.60
37.611872315,126.99558916333332,323085.3437895982,4164641.9424375906,100443.70
37.61187266333333,126.99559039333332,323085.45318967314,4164641.9787703296,100443.80
37.61187291666667,126.99559157833333,323085.55839235085,4164642.0046465034,100443.90
37.61187352333333,126.99559263,323085.6526628701,4164642.0699807247,100444.00
37.61187386666666,126.99559378999999,323085.75587205216,4164642.105890637,100444.10
37.61187414833333,126.99559480833335,323085.84642989276,4164642.1352249845,100444.20
37.61187466166667,126.99559576166666,323085.93179912254,4164642.190388138,100444.30
37.611875405,126.99559661833334,323086.0091805236,4164642.2712548636,100444.40
37.61187572166667,126.995597565,323086.09349515405,4164642.3046080167,100444.50
37.61187597333333,126.99559851000001,323086.1775086103,4164642.3307517665,100444.60
37.61187623666667,126.99559943000001,323086.2593429165,4164642.3582372125,100444.70
37.611876341666665,126.99560022166666,323086.32947372436,4164642.368395605,100444.80
37.61187639833334,126.99560120166667,323086.41611452826,4164642.3728357335,100444.90
37.61187669666666,126.99560222,323086.506711858,4164642.4040194578,100445.00
37.61187695666667,126.99560314,323086.58853826416,4164642.431135035,100445.10
37.611877293333336,126.99560422,323086.68466988317,4164642.466456046,100445.20
37.6118775,126.99560532833333,323086.78299442935,4164642.4872985464,100445.30
37.61187741833333,126.99560666333333,323086.90064390656,4164642.475719574,100445.40
37.611877664999994,126.99560762666667,323086.9862638237,4164642.501273954,100445.50
37.61187799833333,126.99560867666666,323087.0797393831,4164642.5362816583,100445.60
37.61187826166667,126.995609645,323087.1658401609,4164642.5636759847,100445.70
37.611878456666666,126.99561061666667,323087.25207322155,4164642.583481608,100445.80
37.611878811666664,126.99561194333334,323087.3700220332,4164642.6203718605,100445.90
37.6118792,126.99561292666667,323087.45774314617,4164642.6616081875,100446.00
37.61187965,126.99561385500002,323087.5407554605,4164642.7097908836,100446.10
37.61187991833334,126.99561489666667,323087.63334135816,4164642.737601762,100446.20
37.61188043666667,126.99561567666666,323087.7034219536,4164642.7936465503,100446.30
37.611880864999996,126.99561696333333,323087.8180136879,4164642.8387494567,100446.40
37.61188133833333,126.99561804499999,323087.91461632564,4164642.8892321773,100446.50
37.611881615,126.99561907666666,323088.00633925403,4164642.917986599,100446.60
37.61188186333333,126.99562001000001,323088.08931495855,4164642.9437824893,100446.70
37.61188235666667,126.99562087666666,323088.1669865301,4164642.996889824,100446.80
37.61188255333333,126.99562196999999,323088.26396328525,4164643.016651,100446.90
37.611882935000004,126.99562294500001,323088.3509329916,4164643.057163302,100447.00
37.61188330666666,126.99562413333334,323088.4567103414,4164643.096163754,100447.10
37.61188379833333,126.99562516166667,323088.5486485882,4164643.1487813448,100447.20
37.61188423666667,126.99562622833334,323088.64384418825,4164643.1954086763,100447.30
37.611884759999995,126.99562711833332,323088.72364653426,4164643.2518008896,100447.40
37.611885095000005,126.99562836333334,323088.8343390535,4164643.286625895,100447.50
37.61188567833334,126.99562955833332,323088.9412065381,4164643.349100791,100447.60
37.61188589166667,126.99563082333334,323089.0533761378,4164643.3703876855,100447.70
37.611886105,126.99563194166667,323089.152599185,4164643.3919511084,100447.80
37.611886428333335,126.99563313666667,323089.25885045127,4164643.425575829,100447.90
37.611886420000005,126.99563414333333,323089.34769110254,4164643.4227531655,100448.00
37.61188672,126.99563507833334,323089.43093636725,4164643.4542789767,100448.10
37.61188705,126.99563617333334,323089.5283762418,4164643.4888319885,100448.20
37.611887358333334,126.99563722666666,323089.6220867656,4164643.5210593804,100448.30
37.61188798166667,126.99563841166668,323089.72816632414,4164643.5879916307,100448.40
37.61188837666667,126.99563936000001,323089.81281369994,4164643.6300337194,100448.50
37.61188855666667,126.99564045833334,323089.91019230254,4164643.647936118,100448.60
37.611888736666664,126.99564149333334,323090.00198034884,4164643.665957926,100448.70
37.611889006666665,126.99564257166666,323090.0978068148,4164643.6938846363,100448.80
37.611889348333335,126.99564370166667,323090.1983638485,4164643.729666228,100448.90
37.611889489999996,126.99564505000002,323090.317719579,4164643.742843729,100449.00
37.611889665,126.99564611166667,323090.41184969037,4164643.7602604525,100449.10
37.61189003833333,126.99564712333334,323090.5020362631,4164643.799778958,100449.20
37.611890304999996,126.99564825,323090.6021213018,4164643.8272446715,100449.30
37.61189074833333,126.995649325,323090.6980643311,4164643.874411126,100449.40
37.611891245,126.99565055,323090.8073745484,4164643.9272127585,100449.50
37.611891725,126.99565157833334,323090.89928511955,4164643.978535815,100449.60
37.61189206833333,126.99565272,323091.00087593624,4164644.0144803566,100449.70
37.611892526666665,126.99565382666667,323091.09964978904,4164644.063251545,100449.80
37.61189289,126.99565507500002,323091.21070367564,4164644.1012142254,100449.90
37.61189307833333,126.99565639333332,323091.3275218392,4164644.1196265398,100450.00
37.61189331166667,126.995657665,323091.44032729865,4164644.1431201417,100450.10
37.61189364333333,126.99565908333334,323091.5663123558,4164644.177248507,100450.20
37.61189370333333,126.99566013,323091.6588458292,4164644.1819328703,100450.30
37.611893935,126.99566139333335,323091.77091173735,4164644.205257251,100450.40
37.61189413,126.99566259666666,323091.87759442755,4164644.22462614,100450.50
37.61189480166667,126.995663495,323091.9584838926,4164644.2974620685,100450.60
37.611895168333334,126.99566471499999,323092.06704463274,4164644.335848054,100450.70
37.61189576666666,126.99566577666668,323092.16217804456,4164644.400238808,100450.80
37.61189584333333,126.99566695833333,323092.26666772016,4164644.4065180225,100450.90
37.611896245000004,126.99566804833333,323092.3638360586,4164644.4490327886,100451.00
37.61189646166667,126.99566925666667,323092.4710114569,4164644.4707964403,100451.10
37.61189665333333,126.99567035,323092.5679763319,4164644.490002856,100451.20
37.61189672166667,126.99567175333335,323092.69201319874,4164644.494939466,100451.30
37.61189677833333,126.99567301999998,323092.803958584,4164644.498839184,100451.40
37.61189684,126.99567419166667,323092.90752999095,4164644.5034728274,100451.50
37.61189692833333,126.99567542666666,323093.01675515075,4164644.5109460563,100451.60
37.61189720166667,126.99567669166666,323093.1290669193,4164644.53889074,100451.70
37.61189739333334,126.99567800333334,323093.24530449335,4164644.557685524,100451.80
37.61189764666666,126.99567951333331,323093.37919547455,4164644.5829490493,100451.90
37.611897821666666,126.99568085499999,323093.49804170534,4164644.5998379067,100452.00
37.611897955,126.99568228166666,323093.62429229514,4164644.611943083,100452.10
37.611898053333334,126.99568382166666,323093.76046408486,4164644.619950908,100452.20
37.611898116666666,126.995685145,323093.87742734456,4164644.6244835528,100452.30
37.611898321666665,126.99568652499998,323093.9997284282,4164644.644629012,100452.40
37.61189838833333,126.99568783499998,323094.1155226276,4164644.6495566713,100452.50
37.611898591666666,126.99568906666667,323094.22472609574,4164644.669796859,100452.60
37.611898933333336,126.99569014166667,323094.3204281437,4164644.705682195,100452.70
37.61189893666666,126.99569134166669,323094.42636233335,4164644.7037896384,100452.80
37.61189931333333,126.99569245666667,323094.5256782039,4164644.7434832407,100452.90
37.611899584999996,126.995693805,323094.64534200524,4164644.7710858937,100453.00
37.611899665,126.99569494500001,323094.7461615787,4164644.7778135687,100453.10
37.61189999333333,126.99569592499999,323094.8334461908,4164644.8123985226,100453.20
37.611900255,126.99569707,323094.93513767037,4164644.839274912,100453.30
37.61190042166666,126.99569838333333,323095.05146310234,4164644.855292523,100453.40
37.61190060166667,126.99569978166667,323095.17532324954,4164644.8726293785,100453.50
37.611900495,126.995701265,323095.3060071098,4164644.8579968093,100453.60
37.61190056833333,126.99570234333332,323095.4013674459,4164644.8641010076,100453.70
37.611900755,126.99570340166669,323095.4952309461,4164644.882818633,100453.80
37.611900881666664,126.99570459666666,323095.60101606674,4164644.894620863,100453.90
37.61190121,126.99570586666665,323095.71389952593,4164644.928659075,100454.00
37.611901493333335,126.99570734,323095.8446249594,4164644.957320637,100454.10
37.61190160333333,126.995708635,323095.9591977715,4164644.967084965,100454.20
37.611901715,126.99570995666666,323096.07612845226,4164644.976983958,100454.30
37.61190191,126.99571112500001,323096.1797216055,4164644.9964188887,100454.40
37.61190207166667,126.99571255000001,323096.30589221255,4164645.0116711785,100454.50
37.611902095,126.99571356333333,323096.39539637114,4164645.012349823,100454.60
37.611902271666665,126.99571493666666,323096.5170418123,4164645.0293639572,100454.70
37.61190224,126.99571610666665,323096.6202448901,4164645.023644313,100454.80
37.611902451666666,126.99571740166667,323096.7350586498,4164645.044689814,100454.90
37.611902655,126.99571869333334,323096.8495584158,4164645.0648169145,100455.00
37.61190276,126.99571986499998,323096.9532325063,4164645.0742589706,100455.10
37.61190270833333,126.99572102333335,323097.0553583489,4164645.066342082,100455.20
37.61190269666667,126.99572207499999,323097.14816331514,4164645.063064786,100455.30
37.611903085,126.99572316333334,323097.2451529014,4164645.1041032556,100455.40
37.61190345333333,126.995724345,323097.3503337979,4164645.142746516,100455.50
37.61190367166667,126.99572540333332,323097.444272331,4164645.1649779687,100455.60
37.61190377333333,126.99572650999998,323097.54220084765,4164645.174172703,100455.70
37.61190407,126.99572801166666,323097.6754589026,4164645.204260371,100455.80
37.61190415833333,126.995729235,323097.78365420963,4164645.2117556585,100455.90
37.611904445,126.99573043500001,323097.8902598744,4164645.241302447,100456.00
37.611904585000005,126.99573164833333,323097.99769490445,4164645.2545496393,100456.10
37.61190470166667,126.99573269833333,323098.0906568934,4164645.2655156483,100456.20
37.611904675,126.99573386666667,323098.1937246985,4164645.260353977,100456.30
37.61190482666667,126.99573513499999,323098.3060423322,4164645.2747920393,100456.40
37.611905279999995,126.99573654166667,323098.43128584465,4164645.3224429074,100456.50
37.611905685,126.99573789166668,323098.55141273193,4164645.364837437,100456.60
37.611906065,126.99573915666666,323098.6639772566,4164645.404618165,100456.70
37.611906428333334,126.99574026999998,323098.7631143796,4164645.442835462,100456.80
37.61190652833333,126.99574144000002,323098.8666294951,4164645.4517258722,100456.90
37.61190662333333,126.99574288666666,323098.9945546493,4164645.4595398717,100457.00
37.61190682166667,126.99574403666665,323099.09653736756,4164645.4793792777,100457.10
37.611907011666666,126.99574530833334,323099.20924008405,4164645.4980646195,100457.20
37.611907253333335,126.99574632666666,323099.2997030311,4164645.5229606214,100457.30
37.61190757333333,126.99574743333332,323099.3981489708,4164645.556382132,100457.40
37.611907715,126.99574864,323099.50499946787,4164645.5698268493,100457.50
37.611908015000004,126.99574974500001,323099.6032508906,4164645.6010322594,100457.60
37.61190819666667,126.99575103666666,323099.71769928944,4164645.6187552167,100457.70
37.61190842166666,126.99575225833333,323099.82607135456,4164645.6414185097,100457.80
37.61190860666667,126.99575355833333,323099.9412632533,4164645.6594956354,100457.90
37.61190906333333,126.99575458,323100.032529966,4164645.70824224,100458.00
37.611909006666664,126.99575572999998,323100.1339083505,4164645.69978629,100458.10
37.611909005,126.99575706666668,323100.25189450395,4164645.6970813437,100458.20
37.61190887,126.995758375,323100.36706362676,4164645.6796348495,100458.30
37.611908719999995,126.99575964833333,323100.4791076877,4164645.660589909,100458.40
37.61190903,126.99576077666667,323100.5794424798,4164645.692860963,100458.50
37.61190952333333,126.99576199500001,323100.6881562266,4164645.7453054166,100458.60
37.611909515,126.995763205,323100.79494546924,4164645.7420995315,100458.70
37.611909935,126.99576473666666,323100.9311439437,4164645.785816034,100458.80
37.61191040166667,126.99576607666668,323101.0505342372,4164645.835072123,100458.90
37.611910646666665,126.99576745166665,323101.17248871305,4164645.8596656024,100459.00
37.61191081166667,126.99576864833334,323101.27851178125,4164645.875718313,100459.10
37.61191087666667,126.99576978333334,323101.37885442254,4164645.880791062,100459.20
37.61191092166666,126.99577111333335,323101.4963626858,4164645.8832769366,100459.30
37.611911015000004,126.99577258333332,323101.6263435567,4164645.890862051,100459.40
37.611911129999996,126.99577399333333,323101.7510794617,4164645.9009644613,100459.50
37.61191130666667,126.995775205,323101.85845425306,4164645.918283461,100459.60
37.61191157333334,126.99577630666666,323101.9563324242,4164645.9457964427,100459.70
37.61191180666666,126.99577752333335,323102.06428286585,4164645.9693938754,100459.80
37.61191171166667,126.99577877166666,323102.1742504719,4164645.956499014,100459.90
37.61191204833334,126.99578006333334,323102.2890661926,4164645.991421152,100500.00
37.611912185,126.99578127499998,323102.3963461836,4164646.004301668,100500.10
37.611912481666664,126.99578256000001,323102.51047862973,4164646.034797889,100500.20
37.61191246,126.99578363833334,323102.60561380384,4164646.030360759,100500.30
37.61191255000001,126.99578483333335,323102.71131200367,4164646.038094463,100500.40
37.611912823333334,126.99578625833334,323102.8377472133,4164646.0657376326,100500.50
37.611913035,126.99578776333334,323102.9710980319,4164646.0863873106,100500.60
37.611913126666664,126.99578903333334,323103.0834205694,4164646.0941645615,100500.70
37.61191316666667,126.99579023,323103.18914739124,4164646.0963470186,100500.80
37.611913441666665,126.99579155666667,323103.3069064807,4164646.1243605153,100500.90
37.61191350166666,126.99579288833333,323103.4245974058,4164646.1285077096,100501.00
37.61191362,126.99579422333333,323103.54272081156,4164646.1391214193,100501.10
37.61191388666667,126.99579571833334,323103.6753192507,4164646.1658928846,100501.20
37.611913988333335,126.99579696999999,323103.7860471671,4164646.1748143295,100501.30
37.61191408166667,126.99579835000002,323103.9080835612,4164646.1825691517,100501.40
37.61191402,126.99579948666666,323104.00827313244,4164646.1735835737,100501.50
37.61191395666666,126.99580079833335,323104.12390633655,4164646.1640831404,100501.60
37.61191410833333,126.99580218166666,323104.2463752106,4164646.1783044795,100501.70
37.61191418,126.99580336666668,323104.3511472399,4164646.1840227507,100501.80
37.611914175,126.99580462500002,323104.4622108502,4164646.1810956663,100501.90
37.61191409166667,126.99580598333333,323104.5819160084,4164646.169288018,100502.00
37.61191446,126.99580729833333,323104.6988664371,4164646.2076800037,100502.10
37.61191455833333,126.99580849833335,323104.8050257402,4164646.216328993,100502.20
37.611914713333334,126.99580977666668,323104.9182339623,4164646.231118167,100502.30
37.611914975,126.99581117499999,323105.0422875929,4164646.257517081,100502.40
37.61191507333333,126.99581237166667,323105.14815265604,4164646.2661723597,100502.50
37.61191535333333,126.99581341666665,323105.2410603316,4164646.2952717063,100502.60
37.611915335000006,126.99581454166668,323105.3403227597,4164646.291116504,100502.70
37.61191538,126.99581566333333,323105.43944103445,4164646.293995192,100502.80
37.61191564833334,126.99581708666668,323105.56571726035,4164646.3210867345,100502.90
37.61191564,126.99581836333333,323105.6783912862,4164646.317755229,100503.00
37.61191565166666,126.99581949166668,323105.7780190477,4164646.3169226125,100503.10
37.61191577500001,126.99582044333334,323105.8623167394,4164646.3288138392,100503.20
37.611916015,126.99582164333333,323105.9688117631,4164646.3531824932,100503.30
37.611916128333334,126.99582276999999,323106.06853333313,4164646.363634183,100503.40
37.61191640833333,126.99582418666665,323106.194248726,4164646.3920328603,100503.50
37.611916449999995,126.99582524166665,323106.287474307,4164646.3946673684,100503.60
37.611916918333336,126.99582639999998,323106.390832444,4164646.4444509544,100503.70
37.61191707666667,126.99582731333334,323106.471829323,4164646.4602981303,100503.80
37.611917240000004,126.99582839499999,323106.5676971482,4164646.476382773,100503.90
37.611917661666666,126.99582976833332,323106.6899231457,4164646.5205828003,100504.00
37.61191791833333,126.99583097833332,323106.79734037933,4164646.5467819823,100504.10
37.61191809666666,126.99583220166666,323106.90574893553,4164646.5642639888,100504.20
37.611918485000004,126.995833245,323106.9987662162,4164646.6053874036,100504.30
37.611918875,126.99583430333333,323107.0931115199,4164646.646667478,100504.40
37.611919121666666,126.99583555666668,323107.2043301688,4164646.671675349,100504.50
37.61191989833333,126.99583643666668,323107.28384998423,4164646.756197018,100504.60
37.611920275,126.99583751333333,323107.37978200434,4164646.7959630387,100504.70
37.611920954999995,126.99583833,323107.4534821815,4164646.869877756,100504.80
37.61192147,126.99583920166667,323107.5316462923,4164646.925380021,100504.90
37.61192215833333,126.99584018499999,323107.62007819256,4164646.999905225,100505.00
37.61192265166667,126.99584088666667,323107.6831847349,4164647.0533237956,100505.10
37.611923143333335,126.99584160499998,323107.74775852234,4164647.106526011,100505.20
37.611924045,126.995842415,323107.82139552396,4164647.2050499273,100505.30
37.61192477666667,126.99584299499999,323107.87432712235,4164647.285143866,100505.40
37.61192556,126.99584341666666,323107.9134047801,4164647.3712693444,100505.50
37.611926069999996,126.99584395833332,323107.9624273132,4164647.4268389237,100505.60
37.611927038333334,126.99584438333335,323108.0022376247,4164647.53348613,100505.70
37.61192761666667,126.99584463333333,323108.02567613113,4164647.5971879815,100505.80
37.61192787,126.99584490333334,323108.0501098884,4164647.624789404,100505.90
37.6119283,126.99584503,323108.0623100085,4164647.6722643687,100506.00
37.611929081666666,126.99584486,323108.04915619094,4164647.759320328,100506.10
37.61192964166666,126.99584478333333,323108.0437157713,4164647.821603707,100506.20
37.611930091666665,126.99584463499998,323108.0316885216,4164647.8718163488,100506.30
37.61193086666666,126.99584444166666,323108.01645923103,4164647.9581765477,100506.40
37.611931725,126.99584420333333,323107.9974551873,4164648.053868435,100506.50
37.611932435,126.99584368,323107.9529421394,4164648.133638211,100506.60
37.61193320333334,126.99584323666667,323107.9156290834,4164648.2197299665,100506.70
37.61193379666667,126.99584281333334,323107.87966674805,4164648.2863656273,100506.80
37.611934355,126.99584245666668,323107.8495062606,4164648.34899193,100506.90
37.61193497666667,126.99584207833335,323107.81758330605,4164648.4186866875,100507.00
37.611935325,126.99584124833333,323107.7451431424,4164648.458903258,100507.10
37.61193553666667,126.99584047833332,323107.6776754161,4164648.4838418784,100507.20
37.611935905,126.99583953000001,323107.5948371514,4164648.526500779,100507.30
37.61193618166667,126.99583869000001,323107.5213444348,4164648.558783911,100507.40
37.61193659166667,126.99583788666665,323107.4514043281,4164648.605792883,100507.50
37.61193670666667,126.99583666666668,323107.34398518933,4164648.6208535056,100507.60
37.61193694166666,126.99583586666668,323107.27392460685,4164648.6484378055,100507.70
37.611937166666664,126.99583502333334,323107.20001521317,4164648.674994176,100507.80
37.61193752166666,126.99583394499999,323107.105670008,4164648.7164186635,100507.90
37.61193788166667,126.99583308166666,323107.0303151051,4164648.757992641,100508.00
37.61193811666667,126.99583185499999,323106.92259186343,4164648.786381306,100508.10
37.61193831333333,126.99583070166666,323106.8212510516,4164648.810378169,100508.20
37.611938115,126.995829575,323106.7213280747,4164648.790494682,100508.30
37.61193818,126.99582852666666,323106.62894377974,4164648.7996835746,100508.40
37.611938611666666,126.99582743333333,323106.5334561893,4164648.8496434516,100508.50
37.61193876666667,126.99582622499999,323106.4271616831,4164648.8691205815,100508.60
37.61193894166667,126.99582510333333,323106.3285648029,4164648.8906535706,100508.70
37.611939056666664,126.99582381333333,323106.2149666354,4164648.9058461753,100508.80
37.61193969666667,126.99582294166666,323106.13953969063,4164648.978505294,100508.90
37.611939725,126.99582181,323106.03971251834,4164648.9837826807,100509.00
37.611939551666666,126.99582062166668,323105.9344053569,4164648.966789514,100509.10
37.61193988666666,126.99581958666667,323105.8438378771,4164649.0059130774,100509.20
37.61193993333333,126.99581822,323105.7233102643,4164649.013667806,100509.30
37.611940178333334,126.99581709666667,323105.6247321545,4164649.0429713014,100509.40
37.61194071333333,126.99581607999998,323105.53625696443,4164649.1042527533,100509.50
37.611940265,126.99581480166668,323105.4223536309,4164649.0569146527,100509.60
37.61194014666667,126.99581380666665,323105.3342426972,4164649.045659937,100509.70
37.61194023666667,126.99581247666669,323105.21705441666,4164649.058153909,100509.80
37.61194032666666,126.99581110833333,323105.0964823742,4164649.07072015,100509.90
37.61194038,126.99580983833333,323104.9845035083,4164649.0790323983,100510.00
37.61194058666667,126.99580874,323104.8880413535,4164649.104035219,100510.10
37.61194063333333,126.99580770833333,323104.79708481545,4164649.111158401,100510.20
37.611940515,126.99580642833334,323104.683816405,4164649.10044099,100510.30
37.61194051166667,126.99580517666666,323104.5733215647,4164649.1024308186,100510.40
37.61194056833333,126.99580388999999,323104.45987939904,4164649.1111443653,100510.50
37.61194063333333,126.99580258166667,323104.34454442677,4164649.1208234476,100510.60
37.61194056,126.99580157666666,323104.2556574218,4164649.114580897,100510.70
37.61194029666667,126.99580025666667,323104.1385145057,4164649.087849378,100510.80
37.61194038833333,126.995798985,323104.0264793633,4164649.100418331,100510.90
37.611940178333334,126.99579770166665,323103.91269947507,4164649.079535676,100511.00
37.61194007833333,126.99579647,323103.8037409857,4164649.0707614617,100511.10
37.61193997,126.99579527666668,323103.69814650016,4164649.0609902944,100511.20
37.61193984666667,126.99579417166666,323103.60031381226,4164649.0493881656,100511.30
37.611939789999994,126.99579284166666,323103.4827779476,4164649.045607703,100511.40
37.61193984666667,126.99579158666666,323103.3721310574,4164649.054261566,100511.50
37.611939905,126.99579034833332,323103.2629593146,4164649.063068945,100511.60
37.61193992833333,126.995789195,323103.1612077383,4164649.067832402,100511.70
37.611939828333334,126.99578787333333,323103.0443047776,4164649.0592278717,100511.80
37.611940053333335,126.99578699333333,323102.967158763,4164649.085853408,100511.90
37.61194002166667,126.99578589666667,323102.87027891364,4164649.0844071126,100512.00
37.611939770000006,126.99578463166667,323102.75801859325,4164649.0588664836,100512.10
37.61193982666667,126.995783545,323102.66223080107,4164649.0672030034,100512.20
37.611940045,126.99578236,323102.5581460734,4164649.0936638005,100512.30
37.61194014833333,126.99578118666668,323102.45481864735,4164649.107341949,100512.40
37.61194024666667,126.99578013,323102.3617777553,4164649.1202453407,100512.50
37.611940239999996,126.99577879333334,323102.24377190706,4164649.1220255736,100512.60
37.61194020666667,126.99577755166665,323102.1340886851,4164649.1206677165,100512.70
37.61194027,126.99577653333333,323102.04434860277,4164649.1296151634,100512.80
37.61194015833333,126.9957754,323101.94404252595,4164649.11936103,100512.90
37.611940085,126.99577423500001,323101.8410320209,4164649.113420148,100513.00
37.61193999166667,126.99577314166666,323101.744300264,4164649.1051249118,100513.10
37.61193985333333,126.99577188666666,323101.63319124794,4164649.092141164,100513.20
37.61193997,126.99577084333332,323101.54137076123,4164649.107053734,100513.30
37.61193987,126.99576960166665,323101.43152954744,4164649.0982984034,100513.40
37.61193985166666,126.99576852,323101.336005374,4164649.0983033446,100513.50
37.61193967,126.99576713,323101.2128769587,4164649.080765752,100513.60
37.61193975833333,126.99576600500001,323101.1137804587,4164649.0926883607,100513.70
37.611939643333336,126.99576451,323100.98154149036,4164649.08274621,100513.80
37.61193986,126.99576348999999,323100.89201767405,4164649.1087110196,100513.90
37.611939885,126.99576238333333,323100.7943893976,4164649.1135714618,100514.00
37.61193965,126.99576117666666,323100.6873177596,4164649.089770255,100514.10
37.61193937666667,126.99575976,323100.561618185,4164649.062111411,100514.20
37.61193919166667,126.995758455,323100.44598497695,4164649.044043706,100514.30
37.6119393,126.99575760166665,323100.3709163952,4164649.0576733984,100514.40
37.61193917666667,126.99575656500001,323100.27911561466,4164649.045942478,100514.50
37.611938985,126.99575536166667,323100.1724409089,4164649.026943357,100514.60
37.611939235,126.99575398833333,323100.0518067002,4164649.0572730545,100514.70
37.611939115000006,126.99575270166666,323099.93794584984,4164649.0463833394,100514.80
37.611939209999996,126.99575141833333,323099.82488877233,4164649.059344217,100514.90
37.61193917333333,126.99575022666667,323099.719611245,4164649.057522253,100515.00
37.61193893666667,126.99574882666666,323099.59546975815,4164649.0339006158,100515.10
37.61193882833334,126.99574749,323099.477222965,4164649.0243997294,100515.20
37.61193873166667,126.99574620666665,323099.3637116497,4164649.0160928536,100515.30
37.61193838333334,126.995744945,323099.25151646294,4164648.9798196396,100515.40
37.611938045,126.99574363833332,323099.1353727393,4164648.9447408854,100515.50
37.61193791166667,126.99574238333335,323099.0242755647,4164648.932311984,100515.60
37.61193802333333,126.99574116166666,323098.91670141555,4164648.947005986,100515.70
37.61193778166667,126.99573979666665,323098.7956375915,4164648.922763562,100515.80
37.61193772166666,126.99573829499998,323098.6629404824,4164648.9189369376,100515.90
37.61193779833333,126.99573725500001,323098.57131944294,4164648.929404767,100516.00
37.61193763666667,126.99573610666667,323098.4695707818,4164648.913630843,100516.10
37.61193743,126.99573479833334,323098.3535919759,4164648.893165269,100516.20
37.61193734833333,126.99573376166667,323098.26188993466,4164648.8860577988,100516.30
37.611937085,126.99573239666667,323098.1407747585,4164648.8594112033,100516.40
37.611937043333334,126.99573115833333,323098.0313660206,4164648.857122431,100516.50
37.61193677999999,126.99572996999999,323097.92584553803,4164648.8301427644,100516.60
37.61193656166667,126.99572863833333,323097.80777940486,4164648.808426632,100516.70
37.611936560000004,126.99572752333333,323097.7093523271,4164648.8103438285,100516.80
37.61193628333333,126.99572621333333,323097.5930604993,4164648.7821140517,100516.90
37.61193630333333,126.99572485166667,323097.47291104554,4164648.7869004803,100517.00
37.61193624333334,126.99572344833332,323097.3488939993,4164648.782888488,100517.10
37.611936,126.99572197833335,323097.2185576728,4164648.758659108,100517.20
37.611935825,126.99572090000001,323097.12295643846,4164648.7412737305,100517.30
37.61193574166667,126.99571949166666,323096.99844273186,4164648.734682052,100517.40
37.611935431666666,126.99571796333333,323096.86279921414,4164648.703165174,100517.50
37.611935225,126.99571654833335,323096.73740473425,4164648.682900726,100517.60
37.611934948333335,126.99571526166667,323096.6231725779,4164648.654626971,100517.70
37.61193462833333,126.99571415166665,323096.5244324177,4164648.6212117793,100517.80
37.611934483333336,126.99571296,323096.41889813554,4164648.607368949,100517.90
37.611934291666664,126.99571160666667,323096.2989826352,4164648.5886526755,100518.00
37.611934018333336,126.995710155,323096.1701935176,4164648.561059884,100518.10
37.61193368333333,126.99570888499998,323096.0572943067,4164648.5262819184,100518.20
37.61193359166667,126.99570748666665,323095.93364356586,4164648.518746716,100518.30
37.61193353666667,126.99570646666668,323095.8434759161,4164648.514566841,100518.40
37.61193317,126.99570518333333,323095.72932469484,4164648.4763002144,100518.50
37.61193285666666,126.99570377999999,323095.60470724804,4164648.4441778143,100518.60
37.611932618333334,126.995702605,323095.5004229614,4164648.4199470985,100518.70
37.611932323333335,126.99570119166668,323095.3749662441,4164648.3898778637,100518.80
37.611932421666666,126.99570029666666,323095.2961959678,4164648.4024765356,100518.90
37.611932403333334,126.99569892333332,323095.1749258189,4164648.403031441,100519.00
37.611932405,126.99569764666667,323095.0622360199,4164648.4056233424,100519.10
37.61193248666667,126.995696225,323094.9369363951,4164648.4173655976,100519.20
37.61193253666667,126.99569495666668,323094.82509674213,4164648.425304966,100519.30
37.611932198333335,126.995693625,323094.7067461897,4164648.3902734076,100519.40
37.61193217,126.99569224166667,323094.5845696244,4164648.389737552,100519.50
37.61193189,126.99569090000001,323094.4654746037,4164648.361197648,100519.60
37.611931436666666,126.99568956333333,323094.34641013935,4164648.3134148666,100519.70
37.611931086666665,126.99568814166666,323094.220087469,4164648.277258436,100519.80
37.611930926666666,126.995686985,323094.11760713975,4164648.261685213,100519.90
37.61193080333333,126.99568571500001,323094.0052095661,4164648.2503942796,100520.00
37.61193062166667,126.99568450999999,323093.8984114097,4164648.2325080056,100520.10
37.611930535000006,126.995683075,323093.77153587854,4164648.2255967753,100520.20
37.611930521666665,126.99568170333332,323093.650424693,4164648.226703371,100520.30
37.611930478333335,126.99568028166665,323093.5248288161,4164648.22457537,100520.40
37.61193022333334,126.99567900833333,323093.41182495165,4164648.1986807035,100520.50
37.611930245,126.99567791833333,323093.31565996143,4164648.2031399356,100520.60
37.611929808333336,126.995676545,323093.1933983554,4164648.157275671,100520.70
37.61192956833334,126.99567537333333,323093.0894043451,4164648.1328537627,100520.80
37.61192942666666,126.99567422999999,323092.9881444182,4164648.1192897204,100520.90
37.611929255,126.99567284000001,323092.86503966607,4164648.1028618747,100521.00
37.611929069999995,126.99567161000002,323092.75602681213,4164648.0846528728,100521.10
37.61192891166667,126.99567024833335,323092.63545469235,4164648.069651107,100521.20
37.611928731666666,126.99566877833334,323092.5052684356,4164648.05244941,100521.30
37.61192860333333,126.995667355,323092.3793239839,4164648.0408927784,100521.40
37.61192847833333,126.99566607666665,323092.2661868524,4164648.0294326437,100521.50
37.611928346666666,126.99566486,323092.15847735375,4164648.0171164963,100521.60
37.61192828666666,126.99566357999998,323092.0453471535,4164648.0128720514,100521.70
37.611928201666665,126.99566211000001,323091.9153860486,4164648.0062117763,100521.80
37.611927781666665,126.99566078000001,323091.79698904743,4164647.9621152016,100521.90
37.611927535,126.99565945,323091.6790028474,4164647.937252082,100522.00
37.61192751833333,126.99565809833332,323091.5596491948,4164647.9379511257,100522.10
37.61192732,126.995656685,323091.4344215556,4164647.9186083,100522.20
37.61192701666666,126.995655205,323091.30306027294,4164647.8877401324,100522.30
37.61192705,126.99565378999999,323091.1782345682,4164647.8941067024,100522.40
37.611927183333336,126.99565236166667,323091.0524689123,4164647.9115946367,100522.50
37.611927226666666,126.99565110333333,323090.9414961711,4164647.9187754528,100522.60
37.611927658333336,126.99564973833334,323090.82202812785,4164647.969247713,100522.70
37.61192778666667,126.99564839000001,323090.70331237407,4164647.9860300096,100522.80
37.61192765333333,126.99564707666666,323090.58706597047,4164647.9737112,100522.90
37.611927666666666,126.99564562666667,323090.45910335326,4164647.9779245243,100523.00
37.61192747166667,126.99564431833332,323090.3431521565,4164647.9587536226,100523.10
37.61192749166666,126.99564298833333,323090.22579796537,4164647.9634804507,100523.20
37.611927566666665,126.99564187666668,323090.12784681877,4164647.9738985565,100523.30
37.611927011666666,126.99564069499999,323090.02222350903,4164647.9145424385,100523.40
37.61192709833333,126.99563916666666,323089.88752006285,4164647.927040691,100523.50
37.61192686166667,126.99563786833332,323089.772352832,4164647.903227517,100523.60
37.611926885,126.99563663666667,323089.6636866082,4164647.9081388293,100523.70
37.61192672333333,126.99563534166667,323089.548991369,4164647.8926415383,100523.80
37.61192653666667,126.99563395499999,323089.42614528956,4164647.874543024,100523.90
37.61192629,126.99563256000002,323089.3024214114,4164647.8498024903,100524.00
37.61192599333333,126.99563107500002,323089.17063455563,4164647.819683532,100524.10
37.61192583333333,126.99562980666666,323089.05829718034,4164647.8043209086,100524.20
37.61192569833334,126.99562854,323088.94616617763,4164647.7917292,100524.30
37.611925453333335,126.99562717666667,323088.8252415208,4164647.7671139045,100524.40
37.61192506,126.99562581333333,323088.7039653011,4164647.726039213,100524.50
37.61192509333333,126.99562437333334,323088.57693279895,4164647.732452957,100524.60
37.61192457333333,126.99562269666667,323088.4276978462,4164647.6779138194,100524.70
37.61192457,126.995621235,323088.29866588244,4164647.6802998036,100524.80
37.61192451333333,126.99562008666665,323088.1971660371,4164647.6761770365,100524.90
37.611924126666665,126.99561846833333,323088.0533962855,4164647.6363228867,100525.00
37.611924036666665,126.99561722166666,323087.9431373683,4164647.628686784,100525.10
37.61192381666667,126.99561584833333,323087.82138923684,4164647.606864413,100525.20
37.61192351666667,126.99561435333332,323087.688711752,4164647.5763944597,100525.30
37.611923415,126.99561308333332,323087.5763655071,4164647.567507795,100525.40
37.611923446666665,126.99561194166667,323087.4756634964,4164647.573174132,100525.50
37.61192324833333,126.99561029166668,323087.3295448283,4164647.5542775863,100525.60
37.61192287833333,126.99560846833334,323087.16771883506,4164647.5166593334,100525.70
37.61192252666667,126.99560702666668,323087.0396267261,4164647.4803557866,100525.80
37.611922285,126.99560576500001,323086.92768426286,4164647.455918706,100525.90
37.611922136666664,126.995604565,323086.8214064415,4164647.441721834,100526.00
37.611921951666666,126.995603315,323086.7106281222,4164647.4235506193,100526.10
37.611921535,126.99560175333333,323086.57178932626,4164647.380260784,100526.20
37.611921206666665,126.99560037166665,323086.44904882694,4164647.3464332377,100526.30
37.611920876666666,126.995598975,323086.32498029753,4164647.3124490366,100526.40
37.611921015,126.99559793499999,323086.23350540176,4164647.3297596737,100526.50
37.61192078166666,126.99559660166666,323086.11525653425,4164647.306382413,100526.60
37.61192048833333,126.99559498666667,323085.97200221487,4164647.2768784873,100526.70
37.61192016,126.99559346166667,323085.83660940605,4164647.243321196,100526.80
37.611919735,126.995592395,323085.7414454344,4164647.198173394,100526.90
37.611919465,126.99559101499999,323085.61899030383,4164647.1708155135,100527.00
37.61191965333333,126.99558991833334,323085.52263184136,4164647.1937811114,100527.10
37.611919406666665,126.99558843000001,323085.39066922734,4164647.1692166086,100527.20
37.61191907833334,126.99558688500001,323085.25351097714,4164647.1356970384,100527.30
37.611918564999996,126.99558519666668,323085.10326195165,4164647.0819197022,100527.40
37.611918423333336,126.995583815,323084.98096386227,4164647.068805128,100527.50
37.61191849833333,126.99558290833332,323084.9011084407,4164647.0788367754,100527.60
37.611918573333334,126.99558166999999,323084.7919761817,4164647.08949377,100527.70
37.611918491666664,126.995580115,323084.65451983846,4164647.083363746,100527.80
37.61191837666667,126.99557842666667,323084.5052149062,4164647.073786378,100527.90
37.611918305,126.99557729000001,323084.40470933693,4164647.067977228,100528.00
37.61191796666667,126.99557589,323084.2803268037,4164647.0330746565,100528.10
37.611917784999996,126.99557442666668,323084.15072503535,4164647.0156755825,100528.20
37.611917514999995,126.995573085,323084.0316536522,4164646.9882454476,100528.30
37.61191714833333,126.99557166499999,323083.90543852304,4164646.9502366628,100528.40
37.611916926666666,126.99557013500001,323083.7698571569,4164646.9285248034,100528.50
37.61191673,126.99556882,323083.65331349487,4164646.909181625,100528.60
37.611916615000005,126.99556728,323083.517102221,4164646.899324598,100528.70
37.61191661,126.99556608333333,323083.41145834466,4164646.9010260687,100528.80
37.611916355,126.99556445000002,323083.26667654165,4164646.875810309,100528.90
37.611916146666665,126.99556297833333,323083.1362759629,4164646.8554679696,100529.00
37.611916135,126.99556179499999,323083.0317932421,4164646.856404559,100529.10
37.61191570833333,126.99556034999999,323082.90322909964,4164646.8117851918,100529.20
37.61191569333334,126.99555916833333,323082.79888559924,4164646.812348768,100529.30
37.611915655,126.99555776666666,323082.67506697855,4164646.810738032,100529.40
37.611915520000004,126.99555639833333,323082.55396163743,4164646.7983381,100529.50
37.61191532666667,126.99555509333335,323082.4383085933,4164646.7793459585,100529.60
37.61191541833333,126.99555393833334,323082.33657182264,4164646.791695231,100529.70
37.61191516666667,126.995552715,323082.22798938793,4164646.7660763157,100529.80
37.61191502166666,126.995551405,323082.11200953927,4164646.752456779,100529.90
37.61191505,126.99554993833333,323081.9826112519,4164646.7583660926,100530.00
37.61191492666667,126.99554861166668,323081.86521156016,4164646.747182168,100530.10
37.61191483333334,126.99554729333335,323081.74861856736,4164646.7393114,100530.20
37.611914578333334,126.99554592000001,323081.62678744795,4164646.71360544,100530.30
37.61191456666666,126.99554456666668,323081.5072985018,4164646.7148625813,100530.40
37.61191443,126.99554310666666,323081.37809761637,4164646.702450568,100530.50
37.61191434166667,126.99554160666666,323081.2454804147,4164646.695477149,100530.60
37.61191421,126.99554027166666,323081.1273253655,4164646.683384261,100530.70
37.61191410666667,126.99553894666666,323081.01012019126,4164646.67441645,100530.80
37.61191395833334,126.99553765666666,323080.8958978749,4164646.6603893484,100530.90
37.61191405500001,126.99553632666667,323080.7787253762,4164646.673623415,100531.00
37.61191393833334,126.99553468,323080.63309447316,4164646.6637826157,100531.10
37.611913755,126.99553321333333,323080.50319449697,4164646.646204946,100531.20
37.61191374,126.99553181166667,323080.3794311756,4164646.647183363,100531.30
37.61191369,126.99553052333334,323080.2655890464,4164646.644064414,100531.40
37.61191358333333,126.99552928166668,323080.1557319604,4164646.634569615,100531.50
37.611913376666664,126.99552796166667,323080.03872322297,4164646.614126292,100531.60
37.61191319833333,126.99552678666666,323079.9345810658,4164646.596553504,100531.70
37.61191304333333,126.99552538166667,323079.81019167637,4164646.5820035003,100531.80
37.61191288333334,126.99552406,323079.6931464265,4164646.5667415643,100531.90
37.61191281,126.99552275833334,323079.5780720315,4164646.5610586447,100532.00
37.611912751666665,126.99552136166668,323079.45464736025,4164646.5572192855,100532.10
37.61191283666667,126.99551997333334,323079.33229801303,4164646.569268801,100532.20
37.611912545,126.99551854666667,323079.20567213674,4164646.5395948235,100532.30
37.61191235666667,126.99551721166667,323079.08738277195,4164646.5212141057,100532.40
37.611912206666666,126.99551580500001,323078.9628581108,4164646.5072220694,100532.50
37.61191217333333,126.99551445833335,323078.84390628757,4164646.5060624974,100532.60
37.61191186333333,126.9955131,323078.7232688668,4164646.4742253753,100532.70
37.61191182666666,126.99551168,323078.5978358695,4164646.4728342053,100532.80
37.611911675,126.99551028333332,323078.4741899723,4164646.458638386,100532.90
37.61191137666666,126.99550874833334,323078.3379855029,4164646.4284289367,100533.00
37.61191139,126.99550758,323078.23488610773,4164646.43211136,100533.10
37.61191129666667,126.99550632,323078.12344230013,4164646.4241306526,100533.20
37.61191118333333,126.99550473666667,323077.9834098419,4164646.4145403574,100533.30
37.61191108,126.99550309833333,323077.83854612795,4164646.406163391,100533.40
37.611911225,126.995501805,323077.7247248235,4164646.4246915393,100533.50
37.611910978333334,126.99550038500001,323077.59879407956,4164646.3999983156,100533.60
37.611910845000004,126.99549896666667,323077.4732790763,4164646.387877671,100533.70
37.611910765,126.99549770833333,323077.362013989,4164646.3813733268,100533.80
37.61191061,126.99549608166666,323077.2180576521,4164646.3672413253,100533.90
37.611910376666664,126.99549473166665,323077.09833754,4164646.343895616,100534.00
37.611910285,126.99549344333333,323076.98439664126,4164646.3361532856,100534.10
37.611910228333336,126.99549205,323076.86127015244,4164646.3324926165,100534.20
37.61191013833333,126.995490815,323076.7520410393,4164646.324834662,100534.30
37.61190997833333,126.99548905333334,323076.5961561431,4164646.3104024096,100534.40
37.611909856666664,126.995487535,323076.4618415992,4164646.2997648953,100534.50
37.61191002333333,126.99548625333334,323076.3491014904,4164646.3206752436,100534.60
37.611909955,126.99548484333333,323076.22447614727,4164646.3157514506,100534.70
37.611909804999996,126.99548337166668,323076.09421380423,4164646.301882018,100534.80
37.61190980833333,126.99548187833334,323075.96240233607,4164646.305067651,100534.90
37.611909585,126.99548033,323075.82519866095,4164646.2832055534,100535.00
37.611909546666666,126.99547883166666,323075.6928470719,4164646.2817771914,100535.10
37.61190942333334,126.99547760666668,323075.5844216689,4164646.270401658,100535.20
37.611909243333336,126.99547628833334,323075.4676232397,4164646.252914249,100535.30
37.61190918666667,126.99547479666666,323075.335816675,4164646.2494390165,100535.40
37.61190912,126.99547328666668,323075.20236809226,4164646.244888729,100535.50
37.61190888666667,126.99547168333332,323075.06028575345,4164646.222020727,100535.60
37.61190895166667,126.99547028,323074.9365649245,4164646.231879347,100535.70
